{"cameraMode":{"drawMode":0,"name":"Shaded","section":"Shading Mode"},"sceneLighting":false,"audioPlay":false,"sceneViewState":{"m_AlwaysRefresh":false,"showFog":true,"showSkybox":false,"showFlares":true,"showImageEffects":true,"showParticleSystems":true,"showVisualEffectGraphs":true,"m_FxEnabled":true},"in2DMode":false,"pivot":{"x":0.8548434376716614,"y":1.2986531257629395,"z":0.3624340295791626},"rotation":{"x":0.16057516634464265,"y":-0.7542879581451416,"z":0.20050901174545289,"w":0.6041158437728882},"size":3.5156593322753908,"orthographic":false}